表記	正規化表記	品詞	読み	シリーズ	辞書種別
星宮いちご	星宮いちご	人名	ほしみやいちご	aikatsu	character
星宮いちご	星宮いちご	人名	いちご	aikatsu	character
星宮いちご	星宮いちご	人名	すたーみや	aikatsu	character
スター宮	スター宮	人名	すたーみや	aikatsu	character
スター宮	スター宮	人名	ほしみやいちご	aikatsu	character
霧矢あおい	霧矢あおい	人名	きりやあおい	aikatsu	character
霧矢あおい	霧矢あおい	人名	あおい	aikatsu	character
霧矢あおい	霧矢あおい	人名	あおいねえさん	aikatsu	character
霧矢あおい	霧矢あおい	人名	あいどるはかせ	aikatsu	character
あおい姐さん	あおい姐さん	人名	あおいねえさん	aikatsu	character
あおい姉さん	あおい姐さん	人名	あおいねえさん	aikatsu	character
アイドル博士	アイドル博士	人名	あいどるはかせ	aikatsu	character
アイドル博士	アイドル博士	人名	きりやあおい	aikatsu	character
アイドル博士	アイドル博士	人名	あおい	aikatsu	character
紫吹蘭	紫吹蘭	人名	しぶきらん	aikatsu	character
紫吹蘭	紫吹蘭	人名	らん	aikatsu	character
紫吹蘭	紫吹蘭	人名	うつくしきやいば	aikatsu	character
蘭	蘭	人名	らん	aikatsu	character
美しき刃	美しき刃	人名	うつくしきやいば	aikatsu	character
美しき刃	美しき刃	人名	しぶきらん	aikatsu	character
美しき刃	美しき刃	人名	らん	aikatsu	character
有栖川おとめ	有栖川おとめ	人名	ありすがわおとめ	aikatsu	character
有栖川おとめ	有栖川おとめ	人名	おとめ	aikatsu	character
藤堂ユリカ	藤堂ユリカ	人名	とうどうゆりか	aikatsu	character
藤堂ユリカ	藤堂ユリカ	人名	ゆりか	aikatsu	character
藤堂ユリカ	藤堂ユリカ	人名	ゆりかさま	aikatsu	character
ユリカ	ユリカ	人名	ゆりか	aikatsu	character
ユリカさま	ユリカさま	人名	ゆりかさま	aikatsu	character
北大路さくら	北大路さくら	人名	きたおうじさくら	aikatsu	character
北大路さくら	北大路さくら	人名	さくら	aikatsu	character
一ノ瀬かえで	一ノ瀬かえで	人名	いちのせかえで	aikatsu	character
一ノ瀬かえで	一ノ瀬かえで	人名	かえで	aikatsu	character
神谷しおん	神谷しおん	人名	かみやしおん	aikatsu	character
神谷しおん	神谷しおん	人名	しおん	aikatsu	character
七つの顔を持つ女優	七つの顔を持つ女優	人名	かみやしおん	aikatsu	character
三ノ輪ヒカリ	三ノ輪ヒカリ	人名	みのわひかり	aikatsu	character
三ノ輪ヒカリ	三ノ輪ヒカリ	人名	ひかり	aikatsu	character
フラッシュさん	フラッシュさん	人名	ふらっしゅさん	aikatsu	character
フラッシュさん	フラッシュさん	人名	みのわひかり	aikatsu	character
地下の太陽	地下の太陽	人名	ちかのたいよう	aikatsu	character
地下の太陽	地下の太陽	人名	みのわひかり	aikatsu	character
大空あかり	大空あかり	人名	おおぞらあかり	aikatsu	character
大空あかり	大空あかり	人名	あかり	aikatsu	character
服部ユウ	服部ユウ	人名	はっとりゆう	aikatsu	character
服部ユウ	服部ユウ	人名	ゆう	aikatsu	character
氷上スミレ	氷上スミレ	人名	ひかみすみれ	aikatsu	character
氷上すみれ	氷上スミレ	人名	ひかみすみれ	aikatsu	character
氷上スミレ	氷上スミレ	人名	すみれ	aikatsu	character
ステージに咲く氷の華	ステージに咲く氷の華	人名	ひかみすみれ	aikatsu	character
ステージに咲く氷の華	ステージに咲く氷の華	人名	ひかみすみれ	aikatsu	character
新条ひなき	新条ひなき	人名	しんじょうひなき	aikatsu	character
新条ひなき	新条ひなき	人名	ひなき	aikatsu	character
紅林珠璃	紅林珠璃	人名	くればやしじゅり	aikatsu	character
紅林珠璃	紅林珠璃	人名	じゅり	aikatsu	character
珠璃	珠璃	人名	じゅり	aikatsu	character
黒沢凛	黒沢凛	人名	くろさわりん	aikatsu	character
黒沢凛	黒沢凛	人名	りん	aikatsu	character
おどるイナズマ	おどるイナズマ	人名	くろさわりん	aikatsu	character
天羽まどか	天羽まどか	人名	あまはねまどか	aikatsu	character
天羽まどか	天羽まどか	人名	まどか	aikatsu	character
大地のの	大地のの	人名	だいちのの	aikatsu	character
大地のの	大地のの	人名	のの	aikatsu	character
ののっち	ののっち	人名	ののっち	aikatsu	character
白樺リサ	白樺リサ	人名	しらかばりさ	aikatsu	character
白樺りさ	白樺リサ	人名	しらかばりさ	aikatsu	character
白樺リサ	白樺リサ	人名	りさ	aikatsu	character
リサっぺ	リサっぺ	人名	りさっぺ	aikatsu	character
りさっぺ	リサっぺ	人名	りさっぺ	aikatsu	character
音城セイラ	音城セイラ	人名	おとしろせいら	aikatsu	character
音城セイラ	音城セイラ	人名	せいら	aikatsu	character
冴草きい	冴草きい	人名	さえぐさきい	aikatsu	character
冴草きい	冴草きい	人名	きい	aikatsu	character
風沢そら	風沢そら	人名	かぜさわそら	aikatsu	character
風沢そら	風沢そら	人名	そら	aikatsu	character
姫里マリア	姫里マリア	人名	ひめさとまりあ	aikatsu	character
姫里まりあ	姫里マリア	人名	ひめさとまりあ	aikatsu	character
姫里マリア	姫里マリア	人名	まりあ	aikatsu	character
神崎美月	神崎美月	人名	かんざきみづき	aikatsu	character
神崎美月	神崎美月	人名	みづき	aikatsu	character
美月	美月	人名	みづき	aikatsu	character
夏樹みくる	夏樹みくる	人名	なつきみくる	aikatsu	character
夏樹みくる	夏樹みくる	人名	みくる	aikatsu	character
藤原みやび	藤原みやび	人名	ふじわらみやび	aikatsu	character
藤原みやび	藤原みやび	人名	みやび	aikatsu	character
栗栖ここね	栗栖ここね	人名	くりすここね	aikatsu	character
栗栖ここね	栗栖ここね	人名	ここね	aikatsu	character
堂島ニーナ	堂島ニーナ	人名	どうじまにーな	aikatsu	character
堂島ニーナ	堂島ニーナ	人名	にーな	aikatsu	character
花輪やよい	花輪やよい	人名	はなわやよい	aikatsu	character
花輪やよい	花輪やよい	人名	やよい	aikatsu	character
波照間みなみ	波照間みなみ	人名	はてるまみなみ	aikatsu	character
波照間みなみ	波照間みなみ	人名	みなみ	aikatsu	character
荒灘はづき	荒灘はづき	人名	あらなだはづき	aikatsu	character
荒灘はづき	荒灘はづき	人名	はづき	aikatsu	character
モニカ・キキィ	モニカ・キキィ	人名	もにかききぃ	aikatsu	character
光石織姫	光石織姫	人名	みついしおりひめ	aikatsu	character
光石織姫	光石織姫	人名	おりひめ	aikatsu	character
光石織姫	光石織姫	人名	ひめ	aikatsu	character
学園マザー	学園マザー	人名	おりひめ	aikatsu	character
学園マザー	学園マザー	人名	がくえんまざー	aikatsu	character
ジョニー別府	ジョニー別府	人名	じょにーべっぷ	aikatsu	character
涼川直人	涼川直人	人名	すずかわなおと	aikatsu	character
涼川直人	涼川直人	人名	なおと	aikatsu	character
クール川	クール川	人名	すずかわなおと	aikatsu	character
立花ミシェル	立花ミシェル	人名	たちばなみしぇる	aikatsu	character
立花ミシェル	立花ミシェル	人名	みしぇる	aikatsu	character
氷室朝美	氷室朝美	人名	ひむろあさみ	aikatsu	character
氷室朝美	氷室朝美	人名	あさみ	aikatsu	character
西園寺つばき	西園寺つばき	人名	さいおんじつばき	aikatsu	character
四ツ葉春	四ツ葉春	人名	よつばしゅん	aikatsu	character
四ツ葉春	四ツ葉春	人名	よっしゅん	aikatsu	character
よっしゅん	よっしゅん	人名	よっしゅん	aikatsu	character
夢咲ティアラ	夢咲ティアラ	人名	ゆめさきてぃあら	aikatsu	character
夢咲ティアラ	夢咲ティアラ	人名	てぃあら	aikatsu	character
音城ノエル	音城ノエル	人名	おとしろのえる	aikatsu	character
音城ノエル	音城ノエル	人名	のえる	aikatsu	character
月影ほのか	月影ほのか	人名	つきかげほのか	aikatsu	character
花音	花音	人名	かのん	aikatsu	character
シュラト	シュラト	人名	しゅらと	aikatsu	character
天羽あすか	天羽あすか	人名	あまはねあすか	aikatsu	character
神代レイ	神代レイ	人名	かみしろれい	aikatsu	character
橘杏奈	橘杏奈	人名	たちばなあんな	aikatsu	character
虹ヶ原マコト	虹ヶ原マコト	人名	にじがはらまこと	aikatsu	character
夢小路魔夜	夢小路魔夜	人名	ゆめこうじまや	aikatsu	character
魔夜	魔夜	人名	まや	aikatsu	character
グリーン・グラス	グリーン・グラス	人名	ぐりーんぐらす	aikatsu	character
マルセル	マルセル	人名	まるせる	aikatsu	character
KAYOKO	KAYOKO	人名	かよこ	aikatsu	character
瀬名翼	瀬名翼	人名	せなつばさ	aikatsu	character
瀬名ウィング	瀬名ウィング	人名	せなうぃんぐ	aikatsu	character
エンシエロ篤	エンシエロ篤	人名	えんしえろあつし	aikatsu	character
ムレータ淳朗	ムレータ淳朗	人名	むれーたあつろう	aikatsu	character
サニー	サニー	人名	さにー	aikatsu	character
如月ルーシー	如月ルーシー	人名	きさらぎるーしー	aikatsu	character
星宮りんご	星宮りんご	人名	ほしみやりんご	aikatsu	character
星宮らいち	星宮らいち	人名	ほしみやらいち	aikatsu	character
星宮らいち	星宮らいち	人名	らいち	aikatsu	character
星宮太一	星宮太一	人名	ほしみやたいち	aikatsu	character
虹野ゆめ	虹野ゆめ	人名	にじのゆめ	stars	character
虹野ゆめ	虹野ゆめ	人名	ゆめ	stars	character
桜庭ローラ	桜庭ローラ	人名	さくらばろーら	stars	character
桜庭ローラ	桜庭ローラ	人名	ろーら	stars	character
七倉小春	七倉小春	人名	ななくらこはる	stars	character
七倉小春	七倉小春	人名	こはる	stars	character
早乙女あこ	早乙女あこ	人名	さおとめあこ	stars	character
早乙女あこ	早乙女あこ	人名	あこ	stars	character
香澄真昼	香澄真昼	人名	かすみまひる	stars	character
香澄真昼	香澄真昼	人名	まひる	stars	character
白銀リリィ	白銀リリィ	人名	しろがねりりぃ	stars	character
白銀リリイ	白銀リリィ	人名	しろがねりりぃ	stars	character
白銀リリィ	白銀リリィ	人名	りりぃ	stars	character
リリエンヌ	リリエンヌ	人名	りりえんぬ	stars	character
リリエンヌ	リリエンヌ	人名	りりぃ	stars	character
ツンドラの歌姫	ツンドラの歌姫	人名	つんどらのうたひめ	stars	character
ツンドラの歌姫	ツンドラの歌姫	人名	しろがねりりぃ	stars	character
ツンドラの歌姫	ツンドラの歌姫	人名	りりぃ	stars	character
白鳥ひめ	白鳥ひめ	人名	しらとりひめ	stars	character
白鳥ひめ	白鳥ひめ	人名	ひめ	stars	character
如月ツバサ	如月ツバサ	人名	きさらぎつばさ	stars	character
如月ツバサ	如月ツバサ	人名	つばさ	stars	character
二階堂ゆず	二階堂ゆず	人名	にかいどうゆず	stars	character
二階堂ゆず	二階堂ゆず	人名	ゆず	stars	character
香澄夜空	香澄夜空	人名	かすみよぞら	stars	character
香澄夜空	香澄夜空	人名	よぞら	stars	character
エルザフォルテ	エルザフォルテ	人名	えるざふぉるて	stars	character
エルザフォルテ	エルザフォルテ	人名	えるざ	stars	character
エルザ	エルザ	人名	えるざ	stars	character
パーフェクトエルザ	パーフェクトエルザ	人名	ぱーふぇくとえるざ	stars	character
パーフェクトエルザ	パーフェクトエルザ	人名	えるざふぉるて	stars	character
アイドル海賊	アイドル海賊	人名	えるざふぉるて	stars	character
花園きらら	花園きらら	人名	はなぞのきらら	stars	character
花園きらら	花園きらら	人名	きらら	stars	character
騎咲レイ	騎咲レイ	人名	きざきれい	stars	character
騎咲レイ	騎咲レイ	人名	れい	stars	character
シューティングスター	シューティングスター	人名	きざきれい	stars	character
シューティングスター	シューティングスター	人名	しゅーてぃんぐすたー	stars	character
双葉アリア	双葉アリア	人名	ふたばありあ	stars	character
双葉アリア	双葉アリア	人名	ありあ	stars	character
妖精すぎるアイドル	妖精すぎるアイドル	人名	ふたばありあ	stars	character
妖精すぎるアイドル	妖精すぎるアイドル	人名	ようせいすぎるあいどる	stars	character
芦田有莉	芦田有莉	人名	あしだゆり	stars	character
桂ミキ	桂ミキ	人名	かつらみき	stars	character
桂ミキ	桂ミキ	人名	みっきー	stars	character
明石咲耶	明石咲耶	人名	あかしさや	stars	character
坂本ありさ	坂本ありさ	人名	さかもとありさ	stars	character
雪乃ホタル	雪乃ホタル	人名	ゆきのほたる	stars	character
諸星ホタル	諸星ホタル	人名	もろぼしほたる	stars	character
結城すばる	結城すばる	人名	ゆうきすばる	stars	character
結城すばる	結城すばる	人名	すばる	stars	character
すばるキュン	すばるキュン	人名	すばるきゅん	stars	character
五十嵐望	五十嵐望	人名	いがらしのぞむ	stars	character
五十嵐望	五十嵐望	人名	いがのぞ	stars	character
香澄朝陽	香澄朝陽	人名	かすみあさひ	stars	character
香澄朝陽	香澄朝陽	人名	あさひ	stars	character
吉良かなた	吉良かなた	人名	きらかなた	stars	character
吉良かなた	吉良かなた	人名	かなた	stars	character
諸星ヒカル	諸星ヒカル	人名	もろぼしひかる	stars	character
響アンナ	響アンナ	人名	ひびきあんな	stars	character
響アンナ	響アンナ	人名	あんな	stars	character
八千草桃子	八千草桃子	人名	やちぐさももこ	stars	character
八千草桃子	八千草桃子	人名	ももこ	stars	character
デーブ佐東	デーブ佐東	人名	でーぶさとう	stars	character
美羽玉五郎	美羽玉五郎	人名	みわたまごろう	stars	character
ハルカ☆ルカ	ハルカ☆ルカ	人名	はるかるか	stars	character
ハルカルカ	ハルカ☆ルカ	人名	はるかるか	stars	character
アリス キャロル	アリス キャロル	人名	ありすきゃろる	stars	character
Signalize!	Signalize!	固有名詞	しぐならいず	aikatsu	music
Signalize	Signalize!	固有名詞	しぐならいず	aikatsu	music
シグナライズ	Signalize!	固有名詞	しぐならいず	aikatsu	music
ダイヤモンドハッピー	ダイヤモンドハッピー	固有名詞	だいやもんどはっぴー	aikatsu	music
ダイアモンドハッピー	ダイヤモンドハッピー	固有名詞	だいやもんどはっぴー	aikatsu	music
ダイヤモンドハッピー	ダイヤモンドハッピー	固有名詞	だいはつ	aikatsu	music
KIRA☆Power	KIRA☆Power	固有名詞	きらぱわー	aikatsu	music
KIRA Power	KIRA☆Power	固有名詞	きらぱわー	aikatsu	music
キラパワー	KIRA☆Power	固有名詞	きらぱわー	aikatsu	music
SHINING LINE*	SHINING LINE*	固有名詞	しゃいにんぐらいん	aikatsu	music
SHINING LINE	SHINING LINE*	固有名詞	しゃいにんぐらいん	aikatsu	music
シャイニングライン	SHINING LINE*	固有名詞	しゃいにんぐらいん	aikatsu	music
Du-Du-Wa DO IT!!	Du-Du-Wa DO IT!!	固有名詞	どぅどぅわどぅいっと	aikatsu	music
Du-Du-Wa DO IT!	Du-Du-Wa DO IT!!	固有名詞	どぅどぅわどぅいっと	aikatsu	music
Du-Du-Wa DO IT	Du-Du-Wa DO IT!!	固有名詞	どぅどぅわどぅいっと	aikatsu	music
ドゥドゥワドゥイット	Du-Du-Wa DO IT!!	固有名詞	どぅどぅわどぅいっと	aikatsu	music
ドゥドゥワ	Du-Du-Wa DO IT!!	固有名詞	どぅどぅわどぅいっと	aikatsu	music
Du-Du-Wa DO IT!!	Du-Du-Wa DO IT!!	固有名詞	どぅっどぅわどぅいっと	aikatsu	music
Du-Du-Wa DO IT!!	Du-Du-Wa DO IT!!	固有名詞	でゅでゅわどぅーいっと	aikatsu	music
Lovely Party Collection	Lovely Party Collection	固有名詞	らぶりーぱーてぃーこれくしょん	aikatsu	music
START DASH SENSATION	START DASH SENSATION	固有名詞	すたーとだっしゅせんせーしょん	aikatsu	music
カレンダーガール	カレンダーガール	固有名詞	かれんだーがーる	aikatsu	music
ヒラリ／ヒトリ／キラリ	ヒラリ／ヒトリ／キラリ	固有名詞	ひらりひとりきらり	aikatsu	music
ヒラリヒトリキラリ	ヒラリ／ヒトリ／キラリ	固有名詞	ひらりひとりきらり	aikatsu	music
アリスブルーのキス	アリスブルーのキス	固有名詞	ありすぶるーのきす	aikatsu	music
オリジナルスター☆彡	オリジナルスター☆彡	固有名詞	おりじなるすたー	aikatsu	music
オリジナルスター	オリジナルスター☆彡	固有名詞	おりじなるすたー	aikatsu	music
Precious	Precious	固有名詞	ぷれしゃす	aikatsu	music
Good morning my dream	Good morning my dream	固有名詞	ぐっどもーにんぐまいどりーむ	aikatsu	music
チュチュ・バレリーナ	チュチュ・バレリーナ	固有名詞	ちゅちゅばれりーな	aikatsu	music
チュチュバレリーナ	チュチュ・バレリーナ	固有名詞	ちゅちゅばれりーな	aikatsu	music
lucky train!	lucky train!	固有名詞	らっきーとれいん	aikatsu	music
lucky train	lucky train!	固有名詞	らっきーとれいん	aikatsu	music
Move on now!	Move on now!	固有名詞	むーぶおんなう	aikatsu	music
Move on now	Move on now!	固有名詞	むーぶおんなう	aikatsu	music
アイドル活動!	アイドル活動!	固有名詞	あいどるかつどう	aikatsu	music
アイドル活動	アイドル活動!	固有名詞	あいどるかつどう	aikatsu	music
prism spiral	prism spiral	固有名詞	ぷりずむすぱいらる	aikatsu	music
Angel Snow	Angel Snow	固有名詞	えんじぇるすのう	aikatsu	music
We wish you a merry Christmas	We wish you a merry Christmas	固有名詞	うぃーうぃっしゅあめりーくりすます	aikatsu	music
Trap of Love	Trap of Love	固有名詞	とらっぷおぶらぶ	aikatsu	music
Growing for a dream	Growing for a dream	固有名詞	ぐろういんぐふぉーあどりーむ	aikatsu	music
硝子ドール	硝子ドール	固有名詞	がらすどーる	aikatsu	music
放課後ポニーテール	放課後ポニーテール	固有名詞	ほうかごぽにーてーる	aikatsu	music
同じ地球のしあわせに	同じ地球のしあわせに	固有名詞	おなじちきゅうのしあわせに	aikatsu	music
G線上のShining Sky	G線上のShining Sky	固有名詞	じーせんじょうのしゃいにんぐすかい	aikatsu	music
Wake up my music	Wake up my music	固有名詞	うぇいくあっぷまいみゅーじっく	aikatsu	music
fashion check!	fashion check!	固有名詞	ふぁっしょんちぇっく	aikatsu	music
fashion check	fashion check!	固有名詞	ふぁっしょんちぇっく	aikatsu	music
Take Me Higher	Take Me Higher	固有名詞	ていくみーはいあー	aikatsu	music
Moonlight destiny	Moonlight destiny	固有名詞	むーんらいとですてぃにー	aikatsu	music
マジカルタイム	マジカルタイム	固有名詞	まじかるたいむ	aikatsu	music
Kira・pata・shining	Kira・pata・shining	固有名詞	きらぱたしゃいにんぐ	aikatsu	music
Kira pata shining	Kira・pata・shining	固有名詞	きらぱたしゃいにんぐ	aikatsu	music
Dance in the rain	Dance in the rain	固有名詞	だんすいんざれいん	aikatsu	music
オーロラプリンセス	オーロラプリンセス	固有名詞	おーろらぷりんせす	aikatsu	music
ハッピィクレッシェンド	ハッピィクレッシェンド	固有名詞	はっぴぃくれっしぇんど	aikatsu	music
笑顔のSuncatcher	笑顔のSuncatcher	固有名詞	えがおのさんきゃっちゃー	aikatsu	music
Sweet Sp!ce	Sweet Sp!ce	固有名詞	すうぃーとすぱいす	aikatsu	music
Sweet Spice	Sweet Sp!ce	固有名詞	すうぃーとすぱいす	aikatsu	music
CHU-CHU♡RAINBOW	CHU-CHU♡RAINBOW	固有名詞	ちゅちゅれいんぼう	aikatsu	music
CHU CHU RAINBOW	CHU-CHU♡RAINBOW	固有名詞	ちゅちゅれいんぼう	aikatsu	music
オトナモード	オトナモード	固有名詞	おとなもーど	aikatsu	music
永遠の灯	永遠の灯	固有名詞	えいえんのともしび	aikatsu	music
Stranger alien	Stranger alien	固有名詞	すとれんじゃーえいりあん	aikatsu	music
ハートのメロディ	ハートのメロディ	固有名詞	はーとのめろでぃ	aikatsu	music
フレンド	フレンド	固有名詞	ふれんど	aikatsu	music
真夜中のスカイハイ	真夜中のスカイハイ	固有名詞	まよなかのすかいはい	aikatsu	music
Thrilling Dream	Thrilling Dream	固有名詞	すりりんぐどりーむ	aikatsu	music
さまさまばけーしょん!	さまさまばけーしょん!	固有名詞	さまさまばけーしょん	aikatsu	music
さまさまばけーしょん	さまさまばけーしょん!	固有名詞	さまさまばけーしょん	aikatsu	music
右回りwonderland	右回りwonderland	固有名詞	みぎまわりわんだーらんど	aikatsu	music
新・チョコレート事件	新・チョコレート事件	固有名詞	しんちょこれーとじけん	aikatsu	music
新チョコレート事件	新・チョコレート事件	固有名詞	ふれんど	aikatsu	music
ミトレジャーノ!	ミトレジャーノ!	固有名詞	みとれじゃーの	aikatsu	music
ミトレジャーノ	ミトレジャーノ!	固有名詞	ふれんど	aikatsu	music
アラビアンロマンス	アラビアンロマンス	固有名詞	あらびあんろまんす	aikatsu	music
Let's アイカツ!	Let's アイカツ!	固有名詞	れっつあいかつ	aikatsu	music
Let's アイカツ	Let's アイカツ!	固有名詞	れっつあいかつ	aikatsu	music
Let'sアイカツ!	Let's アイカツ!	固有名詞	れっつあいかつ	aikatsu	music
Let'sアイカツ	Let's アイカツ!	固有名詞	れっつあいかつ	aikatsu	music
タルト・タタン	タルト・タタン	固有名詞	たるとたたん	aikatsu	music
タルトタタン	タルト・タタン	固有名詞	たるとたたん	aikatsu	music
Passion Flower	Passion Flower	固有名詞	ぱっしょんふらわー	aikatsu	music
はろー! Winter Love♪	はろー! Winter Love♪	固有名詞	はろーうぃんたーらぶ	aikatsu	music
はろー! Winter Love	はろー! Winter Love♪	固有名詞	はろーうぃんたーらぶ	aikatsu	music
はろー!Winter Love♪	はろー! Winter Love♪	固有名詞	はろーうぃんたーらぶ	aikatsu	music
はろー Winter Love♪	はろー! Winter Love♪	固有名詞	はろーうぃんたーらぶ	aikatsu	music
薄紅デイトリッパー	薄紅デイトリッパー	固有名詞	うすべにでいとりっぱー	aikatsu	music
薄紅デイトリッパー	薄紅デイトリッパー	固有名詞	でいとりっぱー	aikatsu	music
Poppin´ Bubbles	Poppin´ Bubbles	固有名詞	ぽっぴんばぶるす	aikatsu	music
Poppin Bubbles	Poppin´ Bubbles	固有名詞	ぽっぴんばぶるす	aikatsu	music
Blooming♡Blooming	Blooming♡Blooming	固有名詞	ぶるーみんぐぶるーみんぐ	aikatsu	music
Blooming Blooming	Blooming♡Blooming	固有名詞	ぶるーみんぐぶるーみんぐ	aikatsu	music
Pretty Pretty	Pretty Pretty	固有名詞	ぷりてぃぷりてぃ	aikatsu	music
MY SHOW TIME!	MY SHOW TIME!	固有名詞	まいしょーたいむ	aikatsu	music
MY SHOW TIME	MY SHOW TIME!	固有名詞	まいしょーたいむ	aikatsu	music
ハローニューワールド	ハローニューワールド	固有名詞	はろーにゅーわーるど	aikatsu	music
恋するみたいなキャラメリゼ	恋するみたいなキャラメリゼ	固有名詞	こいするみたいなきゃらめりぜ	aikatsu	music
Chica×Chica	Chica×Chica	固有名詞	ちかちか	aikatsu	music
Chica Chica	Chica×Chica	固有名詞	ちかちか	aikatsu	music
Hey! little girl	Hey! little girl	固有名詞	へいりとるがーる	aikatsu	music
Hey little girl	Hey! little girl	固有名詞	へいりとるがーる	aikatsu	music
サマー☆マジック	サマー☆マジック	固有名詞	さまーまじっく	aikatsu	music
サマーマジック	サマー☆マジック	固有名詞	さまーまじっく	aikatsu	music
エメラルドの魔法	エメラルドの魔法	固有名詞	えめらるどのまほう	aikatsu	music
リルビーリルウィン♪	リルビーリルウィン♪	固有名詞	りるびーりるうぃん	aikatsu	music
リルビーリルウィン	リルビーリルウィン♪	固有名詞	りるびーりるうぃん	aikatsu	music
LOVE GAME	LOVE GAME	固有名詞	らぶげーむ	aikatsu	music
ミエルミエール	ミエルミエール	固有名詞	みえるみえーる	aikatsu	music
いばらの女王	いばらの女王	固有名詞	いばらのじょおう	aikatsu	music
ハローハロー	ハローハロー	固有名詞	はろーはろー	aikatsu	music
キラキラデイズ	キラキラデイズ	固有名詞	きらきらでいず	aikatsu	music
ラブリー☆ボム	ラブリー☆ボム	固有名詞	らぶりーぼむ	aikatsu	music
ラブリーボム	ラブリー☆ボム	固有名詞	らぶりーぼむ	aikatsu	music
魅惑のパーティー	魅惑のパーティー	固有名詞	みわくのぱーてぃー	aikatsu	music
Sweet Heart Restaurant	Sweet Heart Restaurant	固有名詞	すうぃーとはーとれすとらん	aikatsu	music
約束カラット	約束カラット	固有名詞	やくそくからっと	aikatsu	music
ロンリー・グラヴィティ	ロンリー・グラヴィティ	固有名詞	ろんりーぐらヴぃてぃ	aikatsu	music
ロンリーグラヴィティ	ロンリー・グラヴィティ	固有名詞	ろんりーぐらヴぃてぃ	aikatsu	music
ロンリー・グラヴィティ	ロンリー・グラヴィティ	固有名詞	ろんりーぐらびてぃ	aikatsu	music
シアワセ方程式	シアワセ方程式	固有名詞	しあわせほうていしき	aikatsu	music
ダンシング☆ベイビー	ダンシング☆ベイビー	固有名詞	だんしんぐべいびー	aikatsu	music
ダンシングベイビー	ダンシング☆ベイビー	固有名詞	うすべにでいとりっぱー	aikatsu	music
スタートライン!	スタートライン!	固有名詞	すたーとらいん	stars	music
1,2,Sing for You!	1,2,Sing for You!	固有名詞	わんつーしんぐふぉーゆー	stars	music
1,2,Sing for You	1,2,Sing for You!	固有名詞	わんつーしんぐふぉーゆー	stars	music
スタージェット!	スタージェット!	固有名詞	すたーじぇっと	stars	music
スタージェット	スタージェット!	固有名詞	すたーじぇっと	stars	music
STARDOM!	STARDOM!	固有名詞	すたーだむ	stars	music
STARDOM	STARDOM!	固有名詞	すたーだむ	stars	music
MUSIC of DREAM!!!	MUSIC of DREAM!!!	固有名詞	みゅーじっくおぶどりーむ	stars	music
MUSIC of DREAM!	MUSIC of DREAM!!!	固有名詞	みゅーじっくおぶどりーむ	stars	music
MUSIC of DREAM	MUSIC of DREAM!!!	固有名詞	みゅーじっくおぶどりーむ	stars	music
episode Solo	episode Solo	固有名詞	えぴそーどそろ	stars	music
So Beautiful Story	So Beautiful Story	固有名詞	そーびゅーてぃふるすとーりー	stars	music
Bon Bon Voyage!	Bon Bon Voyage!	固有名詞	ぼんぼんぼやーじゅ	stars	music
Bon Bon Voyage	Bon Bon Voyage!	固有名詞	ぼんぼんぼやーじゅ	stars	music
森のひかりのピルエット	森のひかりのピルエット	固有名詞	もりのひかりのぴるえっと	stars	music
アイカツ☆ステップ!	アイカツ☆ステップ!	固有名詞	あいかつすてっぷ	stars	music
アイカツ☆ステップ	アイカツ☆ステップ!	固有名詞	あいかつすてっぷ	stars	music
アイカツステップ!	アイカツ☆ステップ!	固有名詞	あいかつすてっぷ	stars	music
アイカツステップ	アイカツ☆ステップ!	固有名詞	あいかつすてっぷ	stars	music
ハートがスキ♡ップ	ハートがスキ♡ップ	固有名詞	はーとがすきっぷ	stars	music
ハートがスキップ	ハートがスキ♡ップ	固有名詞	はーとがすきっぷ	stars	music
未来トランジット	未来トランジット	固有名詞	みらいとらんじっと	stars	music
みつばちのキス	みつばちのキス	固有名詞	みつばちのきす	stars	music
みつばちのきす	みつばちのキス	固有名詞	みつばちのきす	stars	music
Summer Tears Diary	Summer Tears Diary	固有名詞	さまーてぃあーずだいありー	stars	music
8月のマリーナ	8月のマリーナ	固有名詞	はちがつのまりーな	stars	music
Dancing Days	Dancing Days	固有名詞	だんしんぐでいず	stars	music
POPCORN DREAMING♪	POPCORN DREAMING♪	固有名詞	ぽっぷこーんどりーみんぐ	stars	music
POPCORN DREAMING	POPCORN DREAMING♪	固有名詞	ぽっぷこーんどりーみんぐ	stars	music
Dreaming bird	Dreaming bird	固有名詞	どりーみんぐばーど	stars	music
One Step	One Step	固有名詞	わんすてっぷ	stars	music
TSU-BO-MI 〜鮮やかな未来へ〜	TSU-BO-MI 〜鮮やかな未来へ〜	固有名詞	つぼみあざやかなみらいへ	stars	music
TSU-BO-MI	TSU-BO-MI 〜鮮やかな未来へ〜	固有名詞	つぼみあざやかなみらいへ	stars	music
アニマルカーニバル	アニマルカーニバル	固有名詞	あにまるかーにばる	stars	music
僕らの奇跡	僕らの奇跡	固有名詞	ぼくらのきせき	stars	music
Forever Dream	Forever Dream	固有名詞	ふぉーえばーどりーむ	stars	music
荒野の奇跡	荒野の奇跡	固有名詞	こうやのきせき	stars	music
おねがいメリー	おねがいメリー	固有名詞	おねがいめりー	stars	music
ハッピー☆パンチ	ハッピー☆パンチ	固有名詞	はっぴーぱんち	stars	music
ハッピーパンチ	ハッピー☆パンチ	固有名詞	はっぴーぱんち	stars	music
Miracle Force Magic	Miracle Force Magic	固有名詞	みらくるふぉーすまじっく	stars	music
MAKEOVER♡MAKEUP	MAKEOVER♡MAKEUP	固有名詞	めいくおーばーめいくあっぷ	stars	music
MAKEOVER MAKEUP	MAKEOVER♡MAKEUP	固有名詞	めいくおーばーめいくあっぷ	stars	music
ネバギバ☆	ネバギバ☆	固有名詞	ねばぎば	stars	music
ネバギバ	ネバギバ☆	固有名詞	ねばぎば	stars	music
Message of a Rainbow	Message of a Rainbow	固有名詞	めっせーじおぶあれいんぼう	stars	music
The only sun light	The only sun light	固有名詞	ざおんりーさんらいと	stars	music
トキメキララン☆	トキメキララン☆	固有名詞	ときめきららん	stars	music
トキメキララン	トキメキララン☆	固有名詞	ときめきららん	stars	music
ドリームステージ☆	ドリームステージ☆	固有名詞	どりーむすてーじ	stars	music
ドリームステージ	ドリームステージ☆	固有名詞	どりーむすてーじ	stars	music
Halloween Night Magic	Halloween Night Magic	固有名詞	はろうぃんないとまじっく	stars	music
キミをロックオン	キミをロックオン	固有名詞	きみをろっくおん	stars	music
カメレオントーク★	カメレオントーク★	固有名詞	かめれおんとーく	aikatsu	music
カメレオントーク	カメレオントーク★	固有名詞	かめれおんとーく	aikatsu	music
センチメンタルベリー	センチメンタルベリー	固有名詞	せんちめんたるべりー	aikatsu	music
ドラマチックガール	ドラマチックガール	固有名詞	どらまちっくがーる	aikatsu	music
お願いビーナス	お願いビーナス	固有名詞	おねがいびーなす	aikatsu	music
ドリームバルーン	ドリームバルーン	固有名詞	どりーむばるーん	aikatsu	music
青い苺	青い苺	固有名詞	あおいいちご	aikatsu	music
夏色バタフライ	夏色バタフライ	固有名詞	なついろばたふらい	aikatsu	music
GLAMOUROUS BLUE	GLAMOUROUS BLUE	固有名詞	ぐらまらすぶるー	aikatsu	music
きらめきメッセンジャー	きらめきメッセンジャー	固有名詞	きらめきめっせんじゃー	aikatsu	music
ゴシック・ロックン・ローズ	ゴシック・ロックン・ローズ	固有名詞	ごしっくろっくんろーず	aikatsu	music
ゴシックロックンローズ	ゴシック・ロックン・ローズ	固有名詞	ごしっくろっくんろーず	aikatsu	music
♡Powa×PuRi×Power♡	♡Powa×PuRi×Power♡	固有名詞	ぽわぷりぱわー	aikatsu	music
Powa×PuRi×Power	♡Powa×PuRi×Power♡	固有名詞	ぽわぷりぱわー	aikatsu	music
Powa PuRi Power	♡Powa×PuRi×Power♡	固有名詞	ぽわぷりぱわー	aikatsu	music
クリスマス☆スターライト	クリスマス☆スターライト	固有名詞	くりすますすたーらいと	aikatsu	music
クリスマススターライト	クリスマス☆スターライト	固有名詞	うすべにでいとりっぱー	aikatsu	music
夢のレセプション	夢のレセプション	固有名詞	ゆめのれせぷしょん	aikatsu	music
ときめきマタドール∞ 	ときめきマタドール∞ 	固有名詞	ときめきまたどーるむげんだい	aikatsu	music
ときめきマタドール 	ときめきマタドール∞ 	固有名詞	ときめきまたどーるむげんだい	aikatsu	music
Star Heart	Star Heart	固有名詞	すたーはーと	aikatsu	music
Sweet Sweet Girls Talk	Sweet Sweet Girls Talk	固有名詞	すうぃーとすうぃーとがーるずとーく	aikatsu	music
キラキラ宣言	キラキラ宣言	固有名詞	きらきらせんげん	aikatsu	music
星空のフロア	星空のフロア	固有名詞	ほしぞらのふろあ	aikatsu	music
RED MOUNTAIN	RED MOUNTAIN	固有名詞	れっどまうんてん	aikatsu	music
アイカツメロディ！	アイカツメロディ！	固有名詞	あいかつめろでぃ	aikatsu,stars	music
アイカツメロディ	アイカツメロディ！	固有名詞	あいかつめろでぃ	aikatsu,stars	music
Jewel Star Friendship☆	Jewel Star Friendship☆	固有名詞	じゅえるすたーふれんどしっぷ	stars	music
Jewel Star Friendship	Jewel Star Friendship☆	固有名詞	じゅえるすたーふれんどしっぷ	stars	music
虹色アンコール	虹色アンコール	固有名詞	にじいろあんこーる	aikatsu	music
Good day,Good night	Good day,Good night	固有名詞	ぐっどでいぐっどないと	aikatsu	music
Good day Good night	Good day,Good night	固有名詞	ぐっどでいぐっどないと	aikatsu	music
ショコラショー・タイム	ショコラショー・タイム	固有名詞	しょこらしょーたいむ	aikatsu	music
ショコラショータイム	ショコラショー・タイム	固有名詞	しょこらしょーたいむ	aikatsu	music
トキメキアンテナ	トキメキアンテナ	固有名詞	ときめきあんてな	aikatsu	music
マジックスマイル	マジックスマイル	固有名詞	まじっくすまいる	aikatsu	music
Sunny Day Little Sunday	Sunny Day Little Sunday	固有名詞	さにーでいりとるさんでー	aikatsu	music
禁断 Hide & Seek	禁断 Hide & Seek	固有名詞	きんだんはいどあんどしーく	aikatsu	music
禁断 Hide&Seek	禁断 Hide & Seek	固有名詞	きんだんはいどあんどしーく	aikatsu	music
コズミック・ストレンジャー	コズミック・ストレンジャー	固有名詞	こずみっくすとれんじゃー	aikatsu	music
コズミックストレンジャー	コズミック・ストレンジャー	固有名詞	こずみっくすとれんじゃー	aikatsu	music
月夜のラグタイム	月夜のラグタイム	固有名詞	つきよのらぐたいむ	aikatsu	music
We are STARS!!!!!	We are STARS!!!!!	固有名詞	うぃーあーすたーず	stars	music
We are STARS!	We are STARS!!!!!	固有名詞	うぃーあーすたーず	stars	music
We are STARS	We are STARS!!!!!	固有名詞	うぃーあーすたーず	stars	music
諸星すみれ	諸星すみれ	人名	もろほしすみれ	aikatsu,stars,friends	actor
すーちゃん	すーちゃん	人名	もろほしすみれ	aikatsu,stars,friends	actor
諸星すみれ	諸星すみれ	人名	すーちゃん	aikatsu,stars,friends	actor
すーちゃん	すーちゃん	人名	すーちゃん	aikatsu,stars,friends	actor
田所あずさ	田所あずさ	人名	たどころあずさ	aikatsu,stars,friends	actor
ころあず	ころあず	人名	たどころあずさ	aikatsu,stars,friends	actor
田所あずさ	田所あずさ	人名	ころあず	aikatsu,stars,friends	actor
ころあず	ころあず	人名	ころあず	aikatsu,stars,friends	actor
大橋彩香	大橋彩香	人名	おおはしあやか	aikatsu,stars,friends	actor
はっしー	はっしー	人名	おおはしあやか	aikatsu,stars,friends	actor
へごちん	へごちん	人名	おおはしあやか	aikatsu,stars,friends	actor
大橋彩香	大橋彩香	人名	はっしー	aikatsu,stars,friends	actor
はっしー	はっしー	人名	はっしー	aikatsu,stars,friends	actor
大橋彩香	大橋彩香	人名	へごちん	aikatsu,stars,friends	actor
へごちん	へごちん	人名	へごちん	aikatsu,stars,friends	actor
黒沢ともよ	黒沢ともよ	人名	くろさわともよ	aikatsu	actor
もよちー	もよちー	人名	くろさわともよ	aikatsu	actor
黒沢ともよ	黒沢ともよ	人名	もよちー	aikatsu	actor
もよちー	もよちー	人名	もよちー	aikatsu	actor
沼倉愛美	沼倉愛美	人名	ぬまくらまなみ	aikatsu	actor
ぬーぬー	ぬーぬー	人名	ぬまくらまなみ	aikatsu	actor
沼倉愛美	沼倉愛美	人名	ぬーぬー	aikatsu	actor
ぬーぬー	ぬーぬー	人名	ぬーぬー	aikatsu	actor
安野希世乃	安野希世乃	人名	やすのきよの	aikatsu	actor
きよのん	きよのん	人名	やすのきよの	aikatsu	actor
やすきよ	やすきよ	人名	やすのきよの	aikatsu	actor
安野希世乃	安野希世乃	人名	きよのん	aikatsu	actor
きよのん	きよのん	人名	きよのん	aikatsu	actor
安野希世乃	安野希世乃	人名	やすきよ	aikatsu	actor
やすきよ	やすきよ	人名	やすきよ	aikatsu	actor
三村ゆうな	三村ゆうな	人名	みむらゆうな	aikatsu	actor
瀬戸麻沙美	瀬戸麻沙美	人名	せとあさみ	aikatsu	actor
森谷里美	森谷里美	人名	もりやさとみ	aikatsu	actor
下地紫野	下地紫野	人名	しもじしの	aikatsu	actor
しのしー	しのしー	人名	しもじしの	aikatsu	actor
下地紫野	下地紫野	人名	しのしー	aikatsu	actor
しのしー	しのしー	人名	しのしー	aikatsu	actor
照井春佳	照井春佳	人名	てらいはるか	aikatsu	actor
ぱるにゃす	ぱるにゃす	人名	てらいはるか	aikatsu	actor
照井春佳	照井春佳	人名	ぱるにゃす	aikatsu	actor
ぱるにゃす	ぱるにゃす	人名	ぱるにゃす	aikatsu	actor
和久井優	和久井優	人名	わくいゆう	aikatsu	actor
ポットちゃん	ポットちゃん	人名	わくいゆう	aikatsu	actor
石川由依	石川由依	人名	いしかわゆい	aikatsu	actor
齋藤綾	齋藤綾	人名	さいとうあや	aikatsu,friends	actor
高田憂希	高田憂希	人名	たかだゆうき	aikatsu,friends	actor
ゆっきー	ゆっきー	人名	たかだゆうき	aikatsu,friends	actor
高田憂希	高田憂希	人名	ゆっきー	aikatsu,friends	actor
川上千尋	川上千尋	人名	かわかみちひろ	aikatsu	actor
ちーちゃん	ちーちゃん	人名	かわかみちひろ	aikatsu	actor
川上千尋	川上千尋	人名	ちーちゃん	aikatsu	actor
小岩井ことり	小岩井ことり	人名	こいわいことり	aikatsu	actor
こっこちゃん	こっこちゃん	人名	こいわいことり	aikatsu	actor
小岩井ことり	小岩井ことり	人名	こっこちゃん	aikatsu	actor
こっこちゃん	こっこちゃん	人名	こっこちゃん	aikatsu	actor
福沙奈恵	福沙奈恵	人名	ふくさなえ	aikatsu,friends	actor
石原夏織	石原夏織	人名	いしはらかおり	aikatsu	actor
キャリさん	キャリさん	人名	いしはらかおり	aikatsu	actor
石原夏織	石原夏織	人名	キャリさん	aikatsu	actor
キャリさん	キャリさん	人名	キャリさん	aikatsu	actor
秋奈	秋奈	人名	あきな	aikatsu	actor
高橋未奈美	高橋未奈美	人名	たかはしみなみ	aikatsu	actor
たかみな	たかみな	人名	たかはしみなみ	aikatsu	actor
高橋未奈美	高橋未奈美	人名	たかみな	aikatsu	actor
たかみな	たかみな	人名	たかみな	aikatsu	actor
高橋未奈美	高橋未奈美	人名	みーな	aikatsu	actor
冨岡美沙子	冨岡美沙子	人名	とみおかみさこ	aikatsu	actor
みしゃこ	みしゃこ	人名	とみおかみさこ	aikatsu	actor
冨岡美沙子	冨岡美沙子	人名	みしゃこ	aikatsu	actor
寿美菜子	寿美菜子	人名	ことぶきみなこ	aikatsu	actor
洲崎綾	洲崎綾	人名	すざきあや	aikatsu	actor
あやっぺ	あやっぺ	人名	すざきあや	aikatsu	actor
ぺっちゃん	ぺっちゃん	人名	すざきあや	aikatsu	actor
洲崎綾	洲崎綾	人名	あやっぺ	aikatsu	actor
あやっぺ	あやっぺ	人名	あやっぺ	aikatsu	actor
洲崎綾	洲崎綾	人名	ぺっちゃん	aikatsu	actor
ぺっちゃん	ぺっちゃん	人名	ぺっちゃん	aikatsu	actor
関根明良	関根明良	人名	せきねあきら	aikatsu	actor
伊藤かな恵	伊藤かな恵	人名	いとうかなえ	aikatsu	actor
かなめぐ	かなめぐ	人名	いとうかなえ	aikatsu	actor
伊藤かな恵	伊藤かな恵	人名	かなめぐ	aikatsu	actor
かなめぐ	かなめぐ	人名	かなめぐ	aikatsu	actor
矢野亜沙美	矢野亜沙美	人名	やのあさみ	aikatsu	actor
上田麗奈	上田麗奈	人名	うえだれいな	aikatsu,stars	actor
うえしゃま	うえしゃま	人名	うえだれいな	aikatsu,stars	actor
上田麗奈	上田麗奈	人名	うえしゃま	aikatsu,stars	actor
うえしゃま	うえしゃま	人名	うえしゃま	aikatsu,stars	actor
藤田茜	藤田茜	人名	ふじたあかね	aikatsu	actor
山下七海	山下七海	人名	やましたななみ	aikatsu	actor
ななみん	ななみん	人名	やましたななみ	aikatsu	actor
山下七海	山下七海	人名	ななみん	aikatsu	actor
ななみん	ななみん	人名	ななみん	aikatsu	actor
松谷彼哉	松谷彼哉	人名	まつたにかや	aikatsu	actor
保村真	保村真	人名	やすむらまこと	aikatsu,friends	actor
豊永利行	豊永利行	人名	とよながとしゆき	aikatsu	actor
平川大輔	平川大輔	人名	ひらかわだいすけ	aikatsu,stars,friends	actor
遠藤綾	遠藤綾	人名	えんどうあや	aikatsu	actor
宮本佳那子	宮本佳那子	人名	みやもとかなこ	aikatsu	actor
加隈亜衣	加隈亜衣	人名	かくまあい	aikatsu	actor
くまちゃん	くまちゃん	人名	かくまあい	aikatsu	actor
浅川悠	浅川悠	人名	あさかわゆう	aikatsu	actor
藤村歩	藤村歩	人名	ふじむらあゆみ	aikatsu	actor
田丸篤志	田丸篤志	人名	たまるあつし	aikatsu	actor
能登麻美子	能登麻美子	人名	のとまみこ	aikatsu	actor
子安武人	子安武人	人名	こやすたけひと	aikatsu	actor
富田美憂	富田美憂	人名	とみたみゆ	stars	actor
朝井彩加	朝井彩加	人名	あさいあやか	stars	actor
山口愛	山口愛	人名	やまぐちめぐみ	stars	actor
めぐちゃん	めぐちゃん	人名	やまぐちめぐみ	stars	actor
山口愛	山口愛	人名	めぐちゃん	stars	actor
村上奈津実	村上奈津実	人名	むらかみなつみ	stars	actor
なっちゃん	なっちゃん	人名	むらかみなつみ	stars	actor
村上奈津実	村上奈津実	人名	なっちゃん	stars	actor
宮本侑芽	宮本侑芽	人名	みやもとゆめ	stars	actor
津田美波	津田美波	人名	つだみなみ	stars	actor
津田ちゃん	津田ちゃん	人名	つだみなみ	stars	actor
日笠陽子	日笠陽子	人名	ひかさようこ	stars	actor
ぴかしゃ	ぴかしゃ	人名	ひかさようこ	stars	actor
ひよっち	ひよっち	人名	ひかさようこ	stars	actor
日笠陽子	日笠陽子	人名	ぴかしゃ	stars	actor
日笠陽子	日笠陽子	人名	ひよっち	stars	actor
江口菜子	江口菜子	人名	えぐちなこ	stars	actor
藤原夏海	藤原夏海	人名	ふじわらなつみ	stars	actor
前田佳織里	前田佳織里	人名	まえだかおり	stars	actor
かおりん	かおりん	人名	まえだかおり	stars	actor
前田佳織里	前田佳織里	人名	かおりん	stars	actor
古賀葵	古賀葵	人名	こがあおい	stars	actor
八代拓	八代拓	人名	やしろたく	stars	actor
上村祐翔	上村祐翔	人名	うえむらゆうと	stars	actor
ランズベリー・アーサー	ランズベリー・アーサー	人名	らんずべりーあーさー	stars	actor
堀江瞬	堀江瞬	人名	ほりえしゅん	stars	actor
ホリエル	ホリエル	人名	ほりえしゅん	stars	actor
堀江瞬	堀江瞬	人名	ホリエル	stars	actor
神田朱未	神田朱未	人名	かんだあけみ	stars	actor
霧島若歌	霧島若歌	人名	きりしまわか	aikatsu	actor
霧島若歌	霧島若歌	人名	わか	aikatsu	actor
若歌	若歌	人名	わか	aikatsu	actor
上花楓裏	上花楓裏	人名	うえばなふうり	aikatsu	actor
上花楓裏	上花楓裏	人名	ふうり	aikatsu	actor
楓裏	楓裏	人名	ふうり	aikatsu	actor
吉河順央	吉河順央	人名	よしかわすなお	aikatsu	actor
吉河順央	吉河順央	人名	すなお	aikatsu	actor
市倉有菜	市倉有菜	人名	いちくらゆな	aikatsu	actor
市倉有菜	市倉有菜	人名	ゆな	aikatsu	actor
美谷玲実	美谷玲実	人名	みたにれみ	aikatsu	actor
美谷玲実	美谷玲実	人名	れみ	aikatsu	actor
山崎もえ	山崎もえ	人名	やまざきもえ	aikatsu	actor
山崎もえ	山崎もえ	人名	もえ	aikatsu	actor
愛野えり	愛野えり	人名	あいのえり	aikatsu	actor
愛野えり	愛野えり	人名	えり	aikatsu	actor
ささかまリス子	ささかまリス子	人名	ささかまりすこ	aikatsu	actor
ささかまリス子	ささかまリス子	人名	りすこ	aikatsu	actor
遠藤瑠香	遠藤瑠香	人名	えんどうるか	aikatsu,stars	actor
るかぴょん	るかぴょん	人名	えんどうるか	aikatsu,stars	actor
遠藤瑠香	遠藤瑠香	人名	るか	aikatsu,stars	actor
るかぴょん	るかぴょん	人名	るか	aikatsu,stars	actor
巴山萌菜	巴山萌菜	人名	ともやまもな	aikatsu	actor
巴山萌菜	巴山萌菜	人名	もな	aikatsu	actor
未来みき	未来みき	人名	みらいみき	aikatsu,stars	actor
みきみき	みきみき	人名	みらいみき	aikatsu,stars	actor
みーたん	みーたん	人名	みらいみき	aikatsu,stars	actor
未来みき	未来みき	人名	みき	aikatsu,stars	actor
みきみき	みきみき	人名	みき	aikatsu,stars	actor
みーたん	みーたん	人名	みき	aikatsu,stars	actor
未来みき	未来みき	人名	みーたん	aikatsu,stars	actor
みーたん	みーたん	人名	みーたん	aikatsu,stars	actor
天音みほ	天音みほ	人名	あまねみほ	aikatsu,stars	actor
天音みほ	天音みほ	人名	みほ	aikatsu,stars	actor
松岡ななせ	松岡ななせ	人名	まつおかななせ	aikatsu,stars	actor
松岡ななせ	松岡ななせ	人名	ななせ	aikatsu,stars	actor
星咲花那	星咲花那	人名	ほしざきかな	aikatsu,stars	actor
星咲花那	星咲花那	人名	かな	aikatsu,stars	actor
星咲花那	星咲花那	人名	おかな	aikatsu,stars	actor
相沢梨紗	相沢梨紗	人名	あいざわりさ	aikatsu,stars	actor
りさちー	りさちー	人名	あいざわりさ	aikatsu,stars	actor
相沢梨紗	相沢梨紗	人名	りさちー	aikatsu,stars	actor
りさちー	りさちー	人名	りさちー	aikatsu,stars	actor
相沢梨紗	相沢梨紗	人名	りさ	aikatsu,stars	actor
成瀬瑛美	成瀬瑛美	人名	なるせえいみ	aikatsu,stars	actor
成瀬瑛美	成瀬瑛美	人名	えいみ	aikatsu,stars	actor
成瀬瑛美	成瀬瑛美	人名	えいたそ	aikatsu,stars	actor
えいたそ	えいたそ	人名	えいたそ	aikatsu,stars	actor
堀越せな	堀越せな	人名	ほりこしせな	stars	actor
堀越せな	堀越せな	人名	せな	stars	actor
藤城リエ	藤城リエ	人名	ふじしろりえ	aikatsu,stars	actor
藤城リエ	藤城リエ	人名	りえ	aikatsu,stars	actor
STAR☆ANIS	STAR☆ANIS	人名	すたーあにす	aikatsu	actor
STAR☆ANIS	STAR☆ANIS	人名	すたあに	aikatsu	actor
AIKATSU☆STARS	AIKATSU☆STARS	人名	あいかつすたーず	aikatsu,stars	actor
AIKATSU☆STARS	AIKATSU☆STARS	人名	あいすた	aikatsu,stars	actor
